{"app_id": "com.catchoom.test", "tokens": ["d87a91ed431f45bc"], "last-modified": "1486700513", "name": "Switchgear_DB", "uuid": "1a65f1b665db4de9b0cee77319decafa", "image_template": "https://crs-beta-catchoom.s3.amazonaws.com/cache/collections/{collection_uuid}/images/{item_uuid}_{image_uuid}_thumb_120.jpe", "items": {"93782587cd104b15b1a86fa215412d84": {"name": "row_2&3_col1", "url": "", "custom": "Rows 2-3, Col 1", "content": null, "images": ["9cb0e60166d64b92924a1fa4280da348"], "trackable": false}, "685fdc861497460585fd782af46f0f24": {"name": "row3_col4", "url": "", "custom": "Row 3, Col 4", "content": null, "images": ["0904ada6746043598ff34ac833d3a4bf"], "trackable": false}, "b25a70db38e3462ea87c05ea22b421c1": {"name": "row1_col3", "url": "", "custom": "Row 1, Col 3", "content": null, "images": ["429605cb4505467196514a1570813b85"], "trackable": false}, "e1f54fe302e04e23b581a440e569ae4c": {"name": "Switchgear", "url": "", "custom": "Switchgear Unit", "content": null, "images": ["14e8d8c3ad5f4db2a48457baff074491"], "trackable": false}, "e1ffe34c5f874708935521b7c299f3c3": {"name": "row2_col2", "url": "", "custom": "Row 2, Col 2", "content": null, "images": ["976f2ec9eedf4174abef7465620391b3"], "trackable": false}, "45deb80a71454f78a4a4a47a71183442": {"name": "row1_col4", "url": "", "custom": "Row 1, Col 4", "content": null, "images": ["5a9c724e334543589964f0d781fd805c"], "trackable": false}, "8d1347f9275848748b0ef05c3078477a": {"name": "row1_col1", "url": "", "custom": "Row 1, Col 1", "content": null, "images": ["9fe38d2f6f594b54b37bce2780098de9"], "trackable": false}, "bf5f9aa8836745bcb5bf7d297620a129": {"name": "row1_col2", "url": "", "custom": "Row 1, Col 2", "content": null, "images": ["cc8655c671984a5d8242a48e312576e4"], "trackable": false}, "e43affcf3b9e449ca3d6816774739be1": {"name": "row2_col4", "url": "", "custom": "Row 2, Col 4", "content": null, "images": ["e958703e6fc74ed1b8de19d22230cfda"], "trackable": false}, "eff1ac99d3724f7bbbee04fb82481c9d": {"name": "row3_col2", "url": "", "custom": "Row 3, Col 2", "content": null, "images": ["2cfa7beb1d754540be265b9112f92c8d"], "trackable": false}, "59d70090387242ed91612cec81698400": {"name": "row 2, col 3", "url": "", "custom": "Row 2, Col 3", "content": null, "images": ["794d76f21d8c48cd99a4c374dac317ad"], "trackable": false}}, "index_template": "https://48a9ff3c9ed24e9d455d-d632e246998d242b61b7539cab4293fe.ssl.cf5.rackcdn.com/bundles/1a65f1b665db4de9b0cee77319decafa/ODIR-1/com.catchoom.test/files/{item_uuid}_{image_uuid}.index_s", "sdk_version": "ODIR-1", "tracking_template": "https://48a9ff3c9ed24e9d455d-d632e246998d242b61b7539cab4293fe.ssl.cf5.rackcdn.com/bundles/1a65f1b665db4de9b0cee77319decafa/ODIR-1/com.catchoom.test/files/{item_uuid}.ctf", "pubkey": "-----BEGIN PUBLIC KEY-----\nMIIBIjANBgkqhkiG9w0BAQEFAAOCAQ8AMIIBCgKCAQEA1nw3Hc5jnigrvvJC9oAY\nmx1TyJTn8kvLnG7VLMDY5FHm+KFB9YDiq2L+6bThPzUKjh9YjdFE9RAf2DMohcQ8\nEp7bePW1Lp8hKltt6T0hR8IaMe221EJeaTJ+cxv0uHB3Ke5LkoUfzmFTbbF8lyzN\nYX9cdPV/SZXW6dZJpE1TjMjCmYv7SoBqtVNS2RUAag7PF2e38Uw9Ny7hjeSowSKD\nbSB7DyfzUIKBUh/xXFfZJ8zaXktFkaJ3pj8/losKgoDPExmizTM6jN7T+10lNXr7\nrPHiO8O5VgbEYlxLiayBNeot7jusXqHNdozuAkzTtvcU8LnkG8TAEMAI76oy9gF9\ncQIDAQAB\n-----END PUBLIC KEY-----"}